Title,Link,Time Ago,Authors
Judge finds Trump in contempt for violating his gag order,./articles/CBMiaWh0dHBzOi8vd3d3LmNubi5jb20vcG9saXRpY3MvbGl2ZS1uZXdzL3RydW1wLWh1c2gtbW9uZXktdHJpYWwtMDQtMzAtMjQvaF9lY2I3ZGMyNjRjM2ZjN2JkMTYwNTMwY2M5NzM5NDAwMNIBAA?hl=en-US&gl=US&ceid=US%3Aen,11 minutes ago,NA
Supreme Court declines to block enforcement of age-verification requirements for porn sites,./articles/CBMiXGh0dHBzOi8vd3d3LmNubi5jb20vMjAyNC8wNC8zMC9wb2xpdGljcy9zdXByZW1lLWNvdXJ0LXRleGFzLXBvcm4tYWdlLXZlcmlmaWNhdGlvbi9pbmRleC5odG1s0gFVaHR0cHM6Ly9hbXAuY25uLmNvbS9jbm4vMjAyNC8wNC8zMC9wb2xpdGljcy9zdXByZW1lLWNvdXJ0LXRleGFzLXBvcm4tYWdlLXZlcmlmaWNhdGlvbg?hl=en-US&gl=US&ceid=US%3Aen,55 minutes ago,NA
"Ancient text reveals details of Plato’s burial place and final evening, experts say",./articles/CBMiX2h0dHBzOi8vd3d3LmNubi5jb20vMjAyNC8wNC8zMC9zdHlsZS9wbGF0by1oZXJjdWxhbmV1bS1wYXB5cnVzLXNjcm9sbHMtaW50bC1zY2xpLXNjbi9pbmRleC5odG1s0gFYaHR0cHM6Ly9hbXAuY25uLmNvbS9jbm4vMjAyNC8wNC8zMC9zdHlsZS9wbGF0by1oZXJjdWxhbmV1bS1wYXB5cnVzLXNjcm9sbHMtaW50bC1zY2xpLXNjbg?hl=en-US&gl=US&ceid=US%3Aen,1 hour ago,NA
Darren Criss says he’s ‘culturally queer’,./articles/CBMiVWh0dHBzOi8vd3d3LmNubi5jb20vMjAyNC8wNC8zMC9lbnRlcnRhaW5tZW50L2RhcnJlbi1jcmlzcy1jdWx0dXJhbGx5LXF1ZWVyL2luZGV4Lmh0bWzSAU5odHRwczovL2FtcC5jbm4uY29tL2Nubi8yMDI0LzA0LzMwL2VudGVydGFpbm1lbnQvZGFycmVuLWNyaXNzLWN1bHR1cmFsbHktcXVlZXI?hl=en-US&gl=US&ceid=US%3Aen,1 hour ago,NA
House Democrats announce they would save Speaker Mike Johnson if Marjorie Taylor Greene triggers her effort to oust him,./articles/CBMiUmh0dHBzOi8vd3d3LmNubi5jb20vMjAyNC8wNC8zMC9wb2xpdGljcy9ob3VzZS1kZW1vY3JhdHMtc3BlYWtlci1qb2huc29uL2luZGV4Lmh0bWzSAUtodHRwczovL2FtcC5jbm4uY29tL2Nubi8yMDI0LzA0LzMwL3BvbGl0aWNzL2hvdXNlLWRlbW9jcmF0cy1zcGVha2VyLWpvaG5zb24?hl=en-US&gl=US&ceid=US%3Aen,1 hour ago,NA
Victoria Rubadiri joins CNN International for new Connecting Africa role,./articles/CBMid2h0dHBzOi8vY25ucHJlc3Nyb29tLmJsb2dzLmNubi5jb20vMjAyNC8wNC8zMC92aWN0b3JpYS1ydWJhZGlyaS1qb2lucy1jbm4taW50ZXJuYXRpb25hbC1mb3ItbmV3LWNvbm5lY3RpbmctYWZyaWNhLXJvbGUv0gF7aHR0cHM6Ly9jbm5wcmVzc3Jvb20uYmxvZ3MuY25uLmNvbS8yMDI0LzA0LzMwL3ZpY3RvcmlhLXJ1YmFkaXJpLWpvaW5zLWNubi1pbnRlcm5hdGlvbmFsLWZvci1uZXctY29ubmVjdGluZy1hZnJpY2Etcm9sZS9hbXAv?hl=en-US&gl=US&ceid=US%3Aen,1 hour ago,NA
"A year after his detention, Trump for the first time calls for release of WSJ reporter Evan Gershkovich",./articles/CBMiWGh0dHBzOi8vd3d3LmNubi5jb20vMjAyNC8wNC8zMC9wb2xpdGljcy9ldmFuLWdlcnNoa292aWNoLWRvbmFsZC10cnVtcC1yZWxlYXNlL2luZGV4Lmh0bWzSAQA?hl=en-US&gl=US&ceid=US%3Aen,1 hour ago,NA
Paleo diet? Study reveals new insight on what Stone Age humans really ate,./articles/CBMiVmh0dHBzOi8vd3d3LmNubi5jb20vMjAyNC8wNC8zMC9hZnJpY2EvbW9yb2Njby1hbmNpZW50LWh1bWFucy1wYWxlby1kaWV0LXNjbi9pbmRleC5odG1s0gFPaHR0cHM6Ly9hbXAuY25uLmNvbS9jbm4vMjAyNC8wNC8zMC9hZnJpY2EvbW9yb2Njby1hbmNpZW50LWh1bWFucy1wYWxlby1kaWV0LXNjbg?hl=en-US&gl=US&ceid=US%3Aen,2 hours ago,NA
Why a defense attorney thinks Judge Merchan didn’t jail Trump over gag order,./articles/CBMifWh0dHBzOi8vd3d3LmNubi5jb20vdmlkZW9zL3BvbGl0aWNzLzIwMjQvMDQvMzAvZGVmZW5zZS1hdHRvcm5leS1yZWFjdHMtdG8tanVkZ2UtbWVyY2hhbi1nYWctb3JkZXItcnVsaW5nLXRydW1wLXNvdC1kaWd2aWQuY25u0gEA?hl=en-US&gl=US&ceid=US%3Aen,2 hours ago,NA
"Donald Trump fined $9,000 for violating gag order in hush money case",./articles/CBMieWh0dHBzOi8vd3d3LmNubi5jb20vMjAyNC8wNC8zMC9wb2xpdGljcy9kb25hbGQtdHJ1bXAtZmluZWQtdXNkOS0wMDAtZm9yLXZpb2xhdGluZy1nYWctb3JkZXItaW4taHVzaC1tb25leS1jYXNlL2luZGV4Lmh0bWzSAXJodHRwczovL2FtcC5jbm4uY29tL2Nubi8yMDI0LzA0LzMwL3BvbGl0aWNzL2RvbmFsZC10cnVtcC1maW5lZC11c2Q5LTAwMC1mb3ItdmlvbGF0aW5nLWdhZy1vcmRlci1pbi1odXNoLW1vbmV5LWNhc2U?hl=en-US&gl=US&ceid=US%3Aen,2 hours ago,NA
Volkswagen’s electric car orders double in Europe,./articles/CBMiVWh0dHBzOi8vd3d3LmNubi5jb20vMjAyNC8wNC8zMC9idXNpbmVzcy92b2xrc3dhZ2VuLWV2cy1vcmRlcnMtc3VyZ2UtZXVyb3BlL2luZGV4Lmh0bWzSAU5odHRwczovL2FtcC5jbm4uY29tL2Nubi8yMDI0LzA0LzMwL2J1c2luZXNzL3ZvbGtzd2FnZW4tZXZzLW9yZGVycy1zdXJnZS1ldXJvcGU?hl=en-US&gl=US&ceid=US%3Aen,2 hours ago,NA
Live updates: Donald Trump's hush money trial,./articles/CBMiUWh0dHBzOi8vd3d3LmNubi5jb20vcG9saXRpY3MvbGl2ZS1uZXdzL3RydW1wLWh1c2gtbW9uZXktdHJpYWwtMDQtMzAtMjQvaW5kZXguaHRtbNIBAA?hl=en-US&gl=US&ceid=US%3Aen,12 minutes ago,NA
Michigan AG executes search warrants on Google and X in ongoing 2020 fake electors probe,./articles/CBMibWh0dHBzOi8vd3d3LmNubi5jb20vMjAyNC8wNC8yOS9wb2xpdGljcy9taWNoaWdhbi1zZWFyY2gtd2FycmFudHMtZ29vZ2xlLXR3aXR0ZXItMjAyMC1mYWtlLWVsZWN0b3JzL2luZGV4Lmh0bWzSAWZodHRwczovL2FtcC5jbm4uY29tL2Nubi8yMDI0LzA0LzI5L3BvbGl0aWNzL21pY2hpZ2FuLXNlYXJjaC13YXJyYW50cy1nb29nbGUtdHdpdHRlci0yMDIwLWZha2UtZWxlY3RvcnM?hl=en-US&gl=US&ceid=US%3Aen,4 hours ago,NA
Americans’ pay gains rose faster than expected so far this year,./articles/CBMiVGh0dHBzOi8vd3d3LmNubi5jb20vMjAyNC8wNC8zMC9lY29ub215L2VtcGxveW1lbnQtY29zdC1pbmRleC1lY2ktd2FnZXMtcTEvaW5kZXguaHRtbNIBTWh0dHBzOi8vYW1wLmNubi5jb20vY25uLzIwMjQvMDQvMzAvZWNvbm9teS9lbXBsb3ltZW50LWNvc3QtaW5kZXgtZWNpLXdhZ2VzLXEx?hl=en-US&gl=US&ceid=US%3Aen,1 hour ago,NA
"4 law enforcement officers were killed in shooting at a home in Charlotte, North Carolina. 4 other officers are hospitalized",./articles/CBMiU2h0dHBzOi8vd3d3LmNubi5jb20vMjAyNC8wNC8yOS91cy9vZmZpY2Vycy1zaG90LWNoYXJsb3R0ZS1ub3J0aC1jYXJvbGluYS9pbmRleC5odG1s0gFMaHR0cHM6Ly9hbXAuY25uLmNvbS9jbm4vMjAyNC8wNC8yOS91cy9vZmZpY2Vycy1zaG90LWNoYXJsb3R0ZS1ub3J0aC1jYXJvbGluYQ?hl=en-US&gl=US&ceid=US%3Aen,46 minutes ago,NA
Hunter Biden demands that Fox News remove ‘intimate’ images from its platforms,./articles/CBMiSmh0dHBzOi8vd3d3LmNubi5jb20vMjAyNC8wNC8yOS9wb2xpdGljcy9odW50ZXItYmlkZW4tZm94LWxldHRlci9pbmRleC5odG1s0gFDaHR0cHM6Ly9hbXAuY25uLmNvbS9jbm4vMjAyNC8wNC8yOS9wb2xpdGljcy9odW50ZXItYmlkZW4tZm94LWxldHRlcg?hl=en-US&gl=US&ceid=US%3Aen,2 hours ago,NA
Trump praises ‘great meeting’ with DeSantis in Florida — their first conversation since governor dropped out of GOP primary,./articles/CBMiT2h0dHBzOi8vd3d3LmNubi5jb20vMjAyNC8wNC8yOC9wb2xpdGljcy90cnVtcC1kZXNhbnRpcy1taWFtaS1tZWV0aW5nL2luZGV4Lmh0bWzSAUhodHRwczovL2FtcC5jbm4uY29tL2Nubi8yMDI0LzA0LzI4L3BvbGl0aWNzL3RydW1wLWRlc2FudGlzLW1pYW1pLW1lZXRpbmc?hl=en-US&gl=US&ceid=US%3Aen,15 hours ago,NA
CNN Poll: Trump maintains lead over Biden in 2024 matchup as views on their presidencies diverge,./articles/CBMiT2h0dHBzOi8vd3d3LmNubi5jb20vMjAyNC8wNC8yOC9wb2xpdGljcy9jbm4tcG9sbC10cnVtcC1iaWRlbi1tYXRjaHVwL2luZGV4Lmh0bWzSAUhodHRwczovL2FtcC5jbm4uY29tL2Nubi8yMDI0LzA0LzI4L3BvbGl0aWNzL2Nubi1wb2xsLXRydW1wLWJpZGVuLW1hdGNodXA?hl=en-US&gl=US&ceid=US%3Aen,2 days ago,NA
Dating app Bumble will no longer require women to make the first move,./articles/CBMiUmh0dHBzOi8vd3d3LmNubi5jb20vMjAyNC8wNC8zMC90ZWNoL2J1bWJsZS1yZWxhdW5jaC1tZW4tbWFrZS1maXJzdC1tb3ZlL2luZGV4Lmh0bWzSAUtodHRwczovL2FtcC5jbm4uY29tL2Nubi8yMDI0LzA0LzMwL3RlY2gvYnVtYmxlLXJlbGF1bmNoLW1lbi1tYWtlLWZpcnN0LW1vdmU?hl=en-US&gl=US&ceid=US%3Aen,2 hours ago,NA
In pictures: A lookback at student protest movements in the US,./articles/CBMiUmh0dHBzOi8vd3d3LmNubi5jb20vMjAyNC8wNC8zMC91cy9waG90b3Mtc3R1ZGVudC1wcm90ZXN0LW1vdmVtZW50cy1yZWFqL2luZGV4Lmh0bWzSAUtodHRwczovL2FtcC5jbm4uY29tL2Nubi8yMDI0LzA0LzMwL3VzL3Bob3Rvcy1zdHVkZW50LXByb3Rlc3QtbW92ZW1lbnRzLXJlYWo?hl=en-US&gl=US&ceid=US%3Aen,2 hours ago,NA
Pro-Palestinian protests disrupt colleges across the US: Live updates,./articles/CBMiWGh0dHBzOi8vd3d3LmNubi5jb20vYnVzaW5lc3MvbGl2ZS1uZXdzL3VuaXZlcnNpdHktcHJvdGVzdHMtcGFsZXN0aW5lLTA0LTMwLTI0L2luZGV4Lmh0bWzSAVxodHRwczovL2FtcC5jbm4uY29tL2Nubi9idXNpbmVzcy9saXZlLW5ld3MvdW5pdmVyc2l0eS1wcm90ZXN0cy1wYWxlc3RpbmUtMDQtMzAtMjQvaW5kZXguaHRtbA?hl=en-US&gl=US&ceid=US%3Aen,16 minutes ago,NA
Walmart will close all of its health care clinics,./articles/CBMiUGh0dHBzOi8vd3d3LmNubi5jb20vMjAyNC8wNC8zMC9idXNpbmVzcy93YWxtYXJ0LWNsb3Nlcy1oZWFsdGgtY2xpbmljcy9pbmRleC5odG1s0gFJaHR0cHM6Ly9hbXAuY25uLmNvbS9jbm4vMjAyNC8wNC8zMC9idXNpbmVzcy93YWxtYXJ0LWNsb3Nlcy1oZWFsdGgtY2xpbmljcw?hl=en-US&gl=US&ceid=US%3Aen,2 hours ago,NA
Live updates: Donald Trump's hush money trial,./articles/CBMiVWh0dHBzOi8vZWRpdGlvbi5jbm4uY29tL3BvbGl0aWNzL2xpdmUtbmV3cy90cnVtcC1odXNoLW1vbmV5LXRyaWFsLTA0LTMwLTI0L2luZGV4Lmh0bWzSAVVodHRwczovL2FtcC5jbm4uY29tL2Nubi9wb2xpdGljcy9saXZlLW5ld3MvdHJ1bXAtaHVzaC1tb25leS10cmlhbC0wNC0zMC0yNC9pbmRleC5odG1s?hl=en-US&gl=US&ceid=US%3Aen,5 hours ago,NA
Donald Trump’s hush money trial set to resume Tuesday as prosecutors continue to keep their plans secret,./articles/CBMiTWh0dHBzOi8vd3d3LmNubi5jb20vMjAyNC8wNC8zMC9wb2xpdGljcy9kb25hbGQtdHJ1bXAtdHJpYWwtcmVzdW1lcy9pbmRleC5odG1s0gFGaHR0cHM6Ly9hbXAuY25uLmNvbS9jbm4vMjAyNC8wNC8zMC9wb2xpdGljcy9kb25hbGQtdHJ1bXAtdHJpYWwtcmVzdW1lcw?hl=en-US&gl=US&ceid=US%3Aen,8 hours ago,NA
US home prices rose in February at the fastest pace in more than a year,./articles/CBMiUmh0dHBzOi8vd3d3LmNubi5jb20vMjAyNC8wNC8zMC9idXNpbmVzcy91cy1ob21lLXByaWNlcy1yb3NlLWluLWZlYnJ1YXJ5L2luZGV4Lmh0bWzSAUtodHRwczovL2FtcC5jbm4uY29tL2Nubi8yMDI0LzA0LzMwL2J1c2luZXNzL3VzLWhvbWUtcHJpY2VzLXJvc2UtaW4tZmVicnVhcnk?hl=en-US&gl=US&ceid=US%3Aen,1 hour ago,NA
"Nearly 47 child migrants a day vanished in Europe since 2021, research reveals",./articles/CBMifWh0dHBzOi8vd3d3LmNubi5jb20vMjAyNC8wNC8zMC93b3JsZC9uZWFybHktNDctY2hpbGQtbWlncmFudHMtYS1kYXktdmFuaXNoZWQtaW4tZXVyb3BlLXNpbmNlLTIwMjEtcmVzZWFyY2gtcmV2ZWFscy9pbmRleC5odG1s0gF2aHR0cHM6Ly9hbXAuY25uLmNvbS9jbm4vMjAyNC8wNC8zMC93b3JsZC9uZWFybHktNDctY2hpbGQtbWlncmFudHMtYS1kYXktdmFuaXNoZWQtaW4tZXVyb3BlLXNpbmNlLTIwMjEtcmVzZWFyY2gtcmV2ZWFscw?hl=en-US&gl=US&ceid=US%3Aen,7 hours ago,NA
Video shows person smash glass at Columbia building,./articles/CBMiaGh0dHBzOi8vd3d3LmNubi5jb20vdmlkZW9zL3BvbGl0aWNzLzIwMjQvMDQvMzAvY29sdW1iaWEtcHJvdGVzdC1icmVha2luZy13aW5kb3ctaGFtaWx0b24taGFsbC1kaWd2aWQuY25u0gEA?hl=en-US&gl=US&ceid=US%3Aen,5 hours ago,NA
Professor who correctly predicts elections says Biden can win despite latest polls,./articles/CBMiWWh0dHBzOi8vd3d3LmNubi5jb20vMjAyNC8wNC8yOS9wb2xpdGljcy92aWRlby9hbGxhbi1saWNodG1hbi1iaWRlbi10cnVtcC1wb2xscy1sY2wtZGlndmlk0gEA?hl=en-US&gl=US&ceid=US%3Aen,12 hours ago,NA
Images show US military building floating pier off Gaza. Pentagon says it will cost $320 million,./articles/CBMiW2h0dHBzOi8vd3d3LmNubi5jb20vMjAyNC8wNC8zMC9taWRkbGVlYXN0L2dhemEtZmxvYXRpbmctcGllci1pbWFnZXMtYWlkLWludGwtaG5rL2luZGV4Lmh0bWzSAVRodHRwczovL2FtcC5jbm4uY29tL2Nubi8yMDI0LzA0LzMwL21pZGRsZWVhc3QvZ2F6YS1mbG9hdGluZy1waWVyLWltYWdlcy1haWQtaW50bC1obms?hl=en-US&gl=US&ceid=US%3Aen,11 hours ago,NA
Biden is up against nostalgia for Trump’s first term,./articles/CBMiSGh0dHBzOi8vd3d3LmNubi5jb20vMjAyNC8wNC8yOC9wb2xpdGljcy9iaWRlbi10cnVtcC1ub3N0YWxnaWEvaW5kZXguaHRtbNIBQWh0dHBzOi8vYW1wLmNubi5jb20vY25uLzIwMjQvMDQvMjgvcG9saXRpY3MvYmlkZW4tdHJ1bXAtbm9zdGFsZ2lh?hl=en-US&gl=US&ceid=US%3Aen,2 days ago,NA
Michael Moore sends direct message to Biden over handling of Israel-Hamas war,./articles/CBMie2h0dHBzOi8vd3d3LmNubi5jb20vMjAyNC8wNC8yOS9wb2xpdGljcy92aWRlby9taWNoYWVsLW1vb3JlLW1lc3NhZ2UtYmlkZW4taXNyYWVsLWhhbWFzLXdhci12b3Rlci1kaXNhcHByb3ZhbC1zb3Qtc3JjLWRpZ3ZpZNIBAA?hl=en-US&gl=US&ceid=US%3Aen,14 hours ago,NA
Cornell says it's suspending students after they refused offer to move encampment to an alternate location,./articles/CBMicGh0dHBzOi8vd3d3LmNubi5jb20vYnVzaW5lc3MvbGl2ZS1uZXdzL3VuaXZlcnNpdHktcHJvdGVzdHMtcGFsZXN0aW5lLTA0LTI5LTI0L2hfZGJjNzU4MTNiNGM4YTQ3YmQwMWFkODE2YmQ0NzdkOTTSAQA?hl=en-US&gl=US&ceid=US%3Aen,9 hours ago,NA
Sari shops and street food stalls: How e-payments have taken over India,./articles/CBMiWWh0dHBzOi8vd3d3LmNubi5jb20vMjAyNC8wNC8yOS90ZWNoL2luZGlhLWRpZ2l0YWwtcGF5bWVudHMtdXBpLWdyb3d0aC1obmstaW50bC9pbmRleC5odG1s0gFSaHR0cHM6Ly9hbXAuY25uLmNvbS9jbm4vMjAyNC8wNC8yOS90ZWNoL2luZGlhLWRpZ2l0YWwtcGF5bWVudHMtdXBpLWdyb3d0aC1obmstaW50bA?hl=en-US&gl=US&ceid=US%3Aen,16 hours ago,NA
Trump will go from the trial to the trail and back again,./articles/CBMiWWh0dHBzOi8vd3d3LmNubi5jb20vMjAyNC8wNC8yOS9wb2xpdGljcy9kb25hbGQtdHJ1bXAtdHJpYWwtY2FtcGFpZ24tdHJhaWwtMjAyNC9pbmRleC5odG1s0gFSaHR0cHM6Ly9hbXAuY25uLmNvbS9jbm4vMjAyNC8wNC8yOS9wb2xpdGljcy9kb25hbGQtdHJ1bXAtdHJpYWwtY2FtcGFpZ24tdHJhaWwtMjAyNA?hl=en-US&gl=US&ceid=US%3Aen,13 hours ago,NA
"Dead bodies are left behind on Mount Everest, so why are hundreds of climbers heading into the ‘death zone’ this spring?",./articles/CBMiS2h0dHBzOi8vd3d3LmNubi5jb20vdHJhdmVsL21vdW50LWV2ZXJlc3QtY29ycHNlcy1jbGltYmVycy1zcHJpbmcvaW5kZXguaHRtbNIBRGh0dHBzOi8vYW1wLmNubi5jb20vY25uL3RyYXZlbC9tb3VudC1ldmVyZXN0LWNvcnBzZXMtY2xpbWJlcnMtc3ByaW5n?hl=en-US&gl=US&ceid=US%3Aen,2 hours ago,NA
‘The interview felt like a hostage video’: Griffin reacts to Bill Bar interview defending Trump,./articles/CBMiZGh0dHBzOi8vd3d3LmNubi5jb20vMjAyNC8wNC8yOS9wb2xpdGljcy92aWRlby9hbHlzc2EtZmFyYWgtZ3JpZmZpbi1iaWxsLWJhcnItdHNjLXJlYWN0aW9uLWhuay1kaWd2aWTSAQA?hl=en-US&gl=US&ceid=US%3Aen,13 hours ago,NA
Biden’s young voter problem keeps getting worse,./articles/CBMiUmh0dHBzOi8vd3d3LmNubi5jb20vMjAyNC8wNC8yOS9wb2xpdGljcy9iaWRlbi15b3VuZy12b3RlcnMtd2hhdC1tYXR0ZXJzL2luZGV4Lmh0bWzSAUtodHRwczovL2FtcC5jbm4uY29tL2Nubi8yMDI0LzA0LzI5L3BvbGl0aWNzL2JpZGVuLXlvdW5nLXZvdGVycy13aGF0LW1hdHRlcnM?hl=en-US&gl=US&ceid=US%3Aen,20 hours ago,NA
Rolls-Royce is growing its factory so it can build its ‘bespoke’ cars more slowly,./articles/CBMiV2h0dHBzOi8vd3d3LmNubi5jb20vMjAyNC8wNC8yOC9jYXJzL3JvbGxzLXJveWNlLWRvdWJsaW5nLWZhY3RvcnktbHV4dXJ5LWNhcnMvaW5kZXguaHRtbNIBUGh0dHBzOi8vYW1wLmNubi5jb20vY25uLzIwMjQvMDQvMjgvY2Fycy9yb2xscy1yb3ljZS1kb3VibGluZy1mYWN0b3J5LWx1eHVyeS1jYXJz?hl=en-US&gl=US&ceid=US%3Aen,21 hours ago,NA
Campus protesters are calling for divestment. Here’s what that means,./articles/CBMiXWh0dHBzOi8vd3d3LmNubi5jb20vMjAyNC8wNC8zMC9idXNpbmVzcy93aGF0LWlzLWRpdmVzdG1lbnQtY29sbGVnZS1wcm90ZXN0cy1pc3JhZWwvaW5kZXguaHRtbNIBVmh0dHBzOi8vYW1wLmNubi5jb20vY25uLzIwMjQvMDQvMzAvYnVzaW5lc3Mvd2hhdC1pcy1kaXZlc3RtZW50LWNvbGxlZ2UtcHJvdGVzdHMtaXNyYWVs?hl=en-US&gl=US&ceid=US%3Aen,8 hours ago,NA
"3 law enforcement officers killed in shooting at Charlotte, North Carolina, residence, 5 other officers shot and injured",./articles/CBMiV2h0dHBzOi8vZWRpdGlvbi5jbm4uY29tLzIwMjQvMDQvMjkvdXMvb2ZmaWNlcnMtc2hvdC1jaGFybG90dGUtbm9ydGgtY2Fyb2xpbmEvaW5kZXguaHRtbNIBTGh0dHBzOi8vYW1wLmNubi5jb20vY25uLzIwMjQvMDQvMjkvdXMvb2ZmaWNlcnMtc2hvdC1jaGFybG90dGUtbm9ydGgtY2Fyb2xpbmE?hl=en-US&gl=US&ceid=US%3Aen,18 hours ago,NA
Blinken tells CNN the US has seen evidence of China attempting to influence upcoming US elections,./articles/CBMiU2h0dHBzOi8vd3d3LmNubi5jb20vMjAyNC8wNC8yNi9wb2xpdGljcy9ibGlua2VuLWNoaW5hLWludGVydmlldy1pbnRsLWhuay9pbmRleC5odG1s0gFMaHR0cHM6Ly9hbXAuY25uLmNvbS9jbm4vMjAyNC8wNC8yNi9wb2xpdGljcy9ibGlua2VuLWNoaW5hLWludGVydmlldy1pbnRsLWhuaw?hl=en-US&gl=US&ceid=US%3Aen,4 days ago,NA
Less choice and higher prices? Britain braces for Brexit checks on food imports,./articles/CBMiVWh0dHBzOi8vd3d3LmNubi5jb20vMjAyNC8wNC8zMC9idXNpbmVzcy9icmV4aXQtYm9yZGVyLWNoZWNrLWJyaXRhaW4tcHJpY2VzL2luZGV4Lmh0bWzSAU5odHRwczovL2FtcC5jbm4uY29tL2Nubi8yMDI0LzA0LzMwL2J1c2luZXNzL2JyZXhpdC1ib3JkZXItY2hlY2stYnJpdGFpbi1wcmljZXM?hl=en-US&gl=US&ceid=US%3Aen,9 hours ago,NA
Johnson’s speakership hangs in the balance as ouster threat looms,./articles/CBMiXWh0dHBzOi8vd3d3LmNubi5jb20vMjAyNC8wNC8yOS9wb2xpdGljcy9qb2huc29uLW1hcmpvcmllLXRheWxvci1ncmVlbmUtb3VzdGVyLXZvdGUvaW5kZXguaHRtbNIBVmh0dHBzOi8vYW1wLmNubi5jb20vY25uLzIwMjQvMDQvMjkvcG9saXRpY3Mvam9obnNvbi1tYXJqb3JpZS10YXlsb3ItZ3JlZW5lLW91c3Rlci12b3Rl?hl=en-US&gl=US&ceid=US%3Aen,17 hours ago,NA
US determines 5 Israeli security units committed human rights violations before outbreak of Gaza war,./articles/CBMiY2h0dHBzOi8vd3d3LmNubi5jb20vMjAyNC8wNC8yOS9wb2xpdGljcy91cy1pc3JhZWwtc2VjdXJpdHktdW5pdHMtaHVtYW4tcmlnaHRzLXZpb2xhdGlvbnMvaW5kZXguaHRtbNIBXGh0dHBzOi8vYW1wLmNubi5jb20vY25uLzIwMjQvMDQvMjkvcG9saXRpY3MvdXMtaXNyYWVsLXNlY3VyaXR5LXVuaXRzLWh1bWFuLXJpZ2h0cy12aW9sYXRpb25z?hl=en-US&gl=US&ceid=US%3Aen,21 hours ago,NA
Pro-Palestinian protests disrupt colleges across the US: Live updates,./articles/CBMicGh0dHBzOi8vd3d3LmNubi5jb20vYnVzaW5lc3MvbGl2ZS1uZXdzL3VuaXZlcnNpdHktcHJvdGVzdHMtcGFsZXN0aW5lLTA0LTMwLTI0L2hfNzg4YTFmZDAzYmFiN2U0YTgwYjEwNGQwYTczYTc0NGLSAVxodHRwczovL2FtcC5jbm4uY29tL2Nubi9idXNpbmVzcy9saXZlLW5ld3MvdW5pdmVyc2l0eS1wcm90ZXN0cy1wYWxlc3RpbmUtMDQtMzAtMjQvaW5kZXguaHRtbA?hl=en-US&gl=US&ceid=US%3Aen,58 minutes ago,NA
Hong Kong stocks are back from the dead. Here’s why,./articles/CBMiXWh0dHBzOi8vd3d3LmNubi5jb20vMjAyNC8wNC8zMC9pbnZlc3RpbmcvaG9uZy1rb25nLXN0b2Nrcy1yZWJvdW5kLWZhY3RvcnMtaW50bC1obmsvaW5kZXguaHRtbNIBVmh0dHBzOi8vYW1wLmNubi5jb20vY25uLzIwMjQvMDQvMzAvaW52ZXN0aW5nL2hvbmcta29uZy1zdG9ja3MtcmVib3VuZC1mYWN0b3JzLWludGwtaG5r?hl=en-US&gl=US&ceid=US%3Aen,8 hours ago,NA
Map: Where university protesters have been arrested across the United States,./articles/CBMiW2h0dHBzOi8vd3d3LmNubi5jb20vMjAyNC8wNC8yOS91cy9wcm8tcGFsZXN0aW5pYW4tdW5pdmVyc2l0eS1wcm90ZXN0cy1hcnJlc3RzLWRnL2luZGV4Lmh0bWzSAVRodHRwczovL2FtcC5jbm4uY29tL2Nubi8yMDI0LzA0LzI5L3VzL3Byby1wYWxlc3Rpbmlhbi11bml2ZXJzaXR5LXByb3Rlc3RzLWFycmVzdHMtZGc?hl=en-US&gl=US&ceid=US%3Aen,19 hours ago,NA
Sexsomnia: An embarrassing sleep disorder no one wants to talk about,./articles/CBMiV2h0dHBzOi8vd3d3LmNubi5jb20vMjAyNC8wNC8yOC9oZWFsdGgvc2V4c29tbmlhLXNsZWVwLXNleC1leHBsYWluZXItd2VsbG5lc3MvaW5kZXguaHRtbNIBUGh0dHBzOi8vYW1wLmNubi5jb20vY25uLzIwMjQvMDQvMjgvaGVhbHRoL3NleHNvbW5pYS1zbGVlcC1zZXgtZXhwbGFpbmVyLXdlbGxuZXNz?hl=en-US&gl=US&ceid=US%3Aen,3 days ago,NA
"Chinese water cannon damages ship in new South China Sea flare-up, Philippines says",./articles/CBMiZmh0dHBzOi8vd3d3LmNubi5jb20vMjAyNC8wNC8zMC9hc2lhL2NoaW5hLXdhdGVyLWNhbm5vbi1kYW1hZ2VzLXBoaWxpcHBpbmVzLXNoaXAtaW50bC1obmstbWwvaW5kZXguaHRtbNIBX2h0dHBzOi8vYW1wLmNubi5jb20vY25uLzIwMjQvMDQvMzAvYXNpYS9jaGluYS13YXRlci1jYW5ub24tZGFtYWdlcy1waGlsaXBwaW5lcy1zaGlwLWludGwtaG5rLW1s?hl=en-US&gl=US&ceid=US%3Aen,8 hours ago,NA
Poppy Harlow announces she will exit CNN after nearly two decades,./articles/CBMiRWh0dHBzOi8vd3d3LmNubi5jb20vMjAyNC8wNC8yNi9tZWRpYS9wb3BweS1oYXJsb3ctZXhpdC1jbm4vaW5kZXguaHRtbNIBPmh0dHBzOi8vYW1wLmNubi5jb20vY25uLzIwMjQvMDQvMjYvbWVkaWEvcG9wcHktaGFybG93LWV4aXQtY25u?hl=en-US&gl=US&ceid=US%3Aen,4 days ago,NA
HSBC CEO announces surprise retirement,./articles/CBMiWWh0dHBzOi8vd3d3LmNubi5jb20vMjAyNC8wNC8zMC9idXNpbmVzcy9oc2JjLWNlby1hbm5vdW5jZXMtc3VycHJpc2UtcmV0aXJlbWVudC9pbmRleC5odG1s0gFSaHR0cHM6Ly9hbXAuY25uLmNvbS9jbm4vMjAyNC8wNC8zMC9idXNpbmVzcy9oc2JjLWNlby1hbm5vdW5jZXMtc3VycHJpc2UtcmV0aXJlbWVudA?hl=en-US&gl=US&ceid=US%3Aen,8 hours ago,NA
Columbia begins suspending student protesters: Live updates,./articles/CBMiWGh0dHBzOi8vd3d3LmNubi5jb20vYnVzaW5lc3MvbGl2ZS1uZXdzL3VuaXZlcnNpdHktcHJvdGVzdHMtcGFsZXN0aW5lLTA0LTI5LTI0L2luZGV4Lmh0bWzSAVxodHRwczovL2FtcC5jbm4uY29tL2Nubi9idXNpbmVzcy9saXZlLW5ld3MvdW5pdmVyc2l0eS1wcm90ZXN0cy1wYWxlc3RpbmUtMDQtMjktMjQvaW5kZXguaHRtbA?hl=en-US&gl=US&ceid=US%3Aen,9 hours ago,NA
Gangs forced out Haiti’s government. This FBI ‘Most Wanted’ gang leader claims they’re liberating the country,./articles/CBMiaGh0dHBzOi8vd3d3LmNubi5jb20vMjAyNC8wNC8yOS9hbWVyaWNhcy9oYWl0aS1nYW5nLXZpdGVsaG9tbWUtaW5ub2NlbnQta3JhemUtYmFyeWUtaW50bC1sYXRhbS9pbmRleC5odG1s0gFhaHR0cHM6Ly9hbXAuY25uLmNvbS9jbm4vMjAyNC8wNC8yOS9hbWVyaWNhcy9oYWl0aS1nYW5nLXZpdGVsaG9tbWUtaW5ub2NlbnQta3JhemUtYmFyeWUtaW50bC1sYXRhbQ?hl=en-US&gl=US&ceid=US%3Aen,Yesterday,NA
"Biden discusses hostage deal, reiterates ‘clear position’ on Rafah invasion in phone call with Netanyahu on Sunday",./articles/CBMiR2h0dHBzOi8vd3d3LmNubi5jb20vMjAyNC8wNC8yOC9wb2xpdGljcy9iaWRlbi1uZXRhbnlhaHUtY2FsbC9pbmRleC5odG1s0gFAaHR0cHM6Ly9hbXAuY25uLmNvbS9jbm4vMjAyNC8wNC8yOC9wb2xpdGljcy9iaWRlbi1uZXRhbnlhaHUtY2FsbA?hl=en-US&gl=US&ceid=US%3Aen,2 days ago,NA
Arizona state senator indicted in fake electors scheme and expelled state legislator are tapped for RNC positions,./articles/CBMiZWh0dHBzOi8vd3d3LmNubi5jb20vMjAyNC8wNC8yOS9wb2xpdGljcy9qYWtlLWhvZmZtYW4taW5kaWN0ZWQtZmFrZS1lbGVjdG9yLWFyaXpvbmEtZ29wLXJuYy9pbmRleC5odG1s0gFeaHR0cHM6Ly9hbXAuY25uLmNvbS9jbm4vMjAyNC8wNC8yOS9wb2xpdGljcy9qYWtlLWhvZmZtYW4taW5kaWN0ZWQtZmFrZS1lbGVjdG9yLWFyaXpvbmEtZ29wLXJuYw?hl=en-US&gl=US&ceid=US%3Aen,16 hours ago,NA
UN’s top court rejects call for Germany to immediately halt arms exports to Israel,./articles/CBMiXGh0dHBzOi8vd3d3LmNubi5jb20vMjAyNC8wNC8zMC93b3JsZC9pY2MtdG9wLXVuLWNvdXJ0LWdlcm1hbnktbmljYXJhZ3VhLWdhemEtaW50bC9pbmRleC5odG1s0gFVaHR0cHM6Ly9hbXAuY25uLmNvbS9jbm4vMjAyNC8wNC8zMC93b3JsZC9pY2MtdG9wLXVuLWNvdXJ0LWdlcm1hbnktbmljYXJhZ3VhLWdhemEtaW50bA?hl=en-US&gl=US&ceid=US%3Aen,1 hour ago,NA
Paramount Global ousts chief Bob Bakish as future of media conglomerate hangs in the balance,./articles/CBMiT2h0dHBzOi8vd3d3LmNubi5jb20vMjAyNC8wNC8yOS9tZWRpYS9wYXJhbW91bnQtZ2xvYmFsLWJvYi1iYWtpc2gtb3V0L2luZGV4Lmh0bWzSAUhodHRwczovL2FtcC5jbm4uY29tL2Nubi8yMDI0LzA0LzI5L21lZGlhL3BhcmFtb3VudC1nbG9iYWwtYm9iLWJha2lzaC1vdXQ?hl=en-US&gl=US&ceid=US%3Aen,20 hours ago,NA
"At least 4 killed in Oklahoma tornado outbreak, as threat of severe storms continues from Missouri to Texas",./articles/CBMiYGh0dHBzOi8vd3d3LmNubi5jb20vMjAyNC8wNC8yOC93ZWF0aGVyL3BsYWlucy1taWR3ZXN0LXN0b3Jtcy10b3JuYWRvZXMtY2xpbWF0ZS1zdW5kYXkvaW5kZXguaHRtbNIBWWh0dHBzOi8vYW1wLmNubi5jb20vY25uLzIwMjQvMDQvMjgvd2VhdGhlci9wbGFpbnMtbWlkd2VzdC1zdG9ybXMtdG9ybmFkb2VzLWNsaW1hdGUtc3VuZGF5?hl=en-US&gl=US&ceid=US%3Aen,Yesterday,NA
Former NSA employee sentenced to almost 22 years for trying to sell secrets to Russia,./articles/CBMiY2h0dHBzOi8vd3d3LmNubi5jb20vMjAyNC8wNC8yOS9wb2xpdGljcy9qYXJlaC1kYWxrZS1mb3JtZXItbnNhLWVtcGxveWVlLXNlbnRlbmNlZC1ydXNzaWEvaW5kZXguaHRtbNIBXGh0dHBzOi8vYW1wLmNubi5jb20vY25uLzIwMjQvMDQvMjkvcG9saXRpY3MvamFyZWgtZGFsa2UtZm9ybWVyLW5zYS1lbXBsb3llZS1zZW50ZW5jZWQtcnVzc2lh?hl=en-US&gl=US&ceid=US%3Aen,19 hours ago,NA
Photos offer rare glimpse into Haitian gangland in Port-au-Prince,./articles/CBMiWGh0dHBzOi8vd3d3LmNubi5jb20vaW50ZXJhY3RpdmUvMjAyNC8wNC93b3JsZC9oYWl0aS1wb3J0LWF1LXByaW5jZS1rcmF6ZS1iYXJ5ZS1jbm5waG90b3PSAQA?hl=en-US&gl=US&ceid=US%3Aen,12 hours ago,NA
Gérard Depardieu: French actor to face trial over sexual assault allegations,./articles/CBMiYGh0dHBzOi8vd3d3LmNubi5jb20vMjAyNC8wNC8yOS9lbnRlcnRhaW5tZW50L2dlcmFyZC1kZXBhcmRpZXUtYXJyZXN0LWZyYW5jZS1zY2xpLWludGwvaW5kZXguaHRtbNIBAA?hl=en-US&gl=US&ceid=US%3Aen,21 hours ago,NA
Manufacturing in Mexico is having its moment. The US is buying in — and so is China,./articles/CBMiZWh0dHBzOi8vd3d3LmNubi5jb20vMjAyNC8wNC8yOC9idXNpbmVzcy91cy1jaGluYS1tZXhpY28tbWFudWZhY3R1cmluZy1uZWFyc2hvcmluZy1obmstaW50bC9pbmRleC5odG1s0gFeaHR0cHM6Ly9hbXAuY25uLmNvbS9jbm4vMjAyNC8wNC8yOC9idXNpbmVzcy91cy1jaGluYS1tZXhpY28tbWFudWZhY3R1cmluZy1uZWFyc2hvcmluZy1obmstaW50bA?hl=en-US&gl=US&ceid=US%3Aen,2 days ago,NA
Kansas lawmakers’ effort to override governor’s veto of gender-affirming care ban fails,./articles/CBMiZ2h0dHBzOi8vd3d3LmNubi5jb20vMjAyNC8wNC8yOS9wb2xpdGljcy9rYW5zYXMtZ2VuZGVyLWFmZmlybWluZy1jYXJlLWJhbi12ZXRvLW92ZXJyaWRlLWZhaWxzL2luZGV4Lmh0bWzSAWBodHRwczovL2FtcC5jbm4uY29tL2Nubi8yMDI0LzA0LzI5L3BvbGl0aWNzL2thbnNhcy1nZW5kZXItYWZmaXJtaW5nLWNhcmUtYmFuLXZldG8tb3ZlcnJpZGUtZmFpbHM?hl=en-US&gl=US&ceid=US%3Aen,13 hours ago,NA
"‘Putin is a political animal who can sense fear,’ says Ukraine FM",./articles/CBMiVGh0dHBzOi8vd3d3LmNubi5jb20vdmlkZW9zL3R2LzIwMjQvMDQvMjcvdWtyYWluZS1mbS1rdWVsYmEtdGhhbmstZ29kLWZvci1hbWVyaWNhLmNubtIBAA?hl=en-US&gl=US&ceid=US%3Aen,3 days ago,NA
Imagine living in a 4-foot body that doesn’t develop chronic diseases,./articles/CBMiUmh0dHBzOi8vd3d3LmNubi5jb20vMjAyNC8wNC8zMC9oZWFsdGgvbGFyb24tc3luZHJvbWUtbG9uZ2V2aXR5LXdlbGxuZXNzL2luZGV4Lmh0bWzSAUtodHRwczovL2FtcC5jbm4uY29tL2Nubi8yMDI0LzA0LzMwL2hlYWx0aC9sYXJvbi1zeW5kcm9tZS1sb25nZXZpdHktd2VsbG5lc3M?hl=en-US&gl=US&ceid=US%3Aen,1 hour ago,NA
USDA says it is testing beef for H5N1 bird flu virus,./articles/CBMiQ2h0dHBzOi8vd3d3LmNubi5jb20vMjAyNC8wNC8yOS9oZWFsdGgvdXNkYS1iZWVmLWJpcmQtZmx1L2luZGV4Lmh0bWzSATxodHRwczovL2FtcC5jbm4uY29tL2Nubi8yMDI0LzA0LzI5L2hlYWx0aC91c2RhLWJlZWYtYmlyZC1mbHU?hl=en-US&gl=US&ceid=US%3Aen,21 hours ago,NA
EU investigates Meta over fears of election interference and foreign disinformation,./articles/CBMicGh0dHBzOi8vd3d3LmNubi5jb20vMjAyNC8wNC8yOS90ZWNoL2V1LWludmVzdGlnYXRlcy1tZXRhLWVsZWN0aW9uLWludGVyZmVyZW5jZS1mb3JlaWduLWRpc2luZm9ybWF0aW9uL2luZGV4Lmh0bWzSAWlodHRwczovL2FtcC5jbm4uY29tL2Nubi8yMDI0LzA0LzI5L3RlY2gvZXUtaW52ZXN0aWdhdGVzLW1ldGEtZWxlY3Rpb24taW50ZXJmZXJlbmNlLWZvcmVpZ24tZGlzaW5mb3JtYXRpb24?hl=en-US&gl=US&ceid=US%3Aen,21 hours ago,NA
Columbia University protests: Video shows students take over Hamilton Hall,./articles/CBMiXWh0dHBzOi8vd3d3LmNubi5jb20vMjAyNC8wNC8zMC91cy92aWRlby9jb2x1bWJpYS11bml2ZXJzaXR5LXByb3Rlc3RzLWhhbWlsdG9uLWhhbGwtbGRuLWRpZ3ZpZNIBAA?hl=en-US&gl=US&ceid=US%3Aen,7 hours ago,NA
Former university president on campus protests,./articles/CBMiXmh0dHBzOi8vd3d3LmNubi5jb20vdmlkZW9zL3VzLzIwMjQvMDQvMjkvdGhlLWxlYWQtZnJlZGVyaWNrLWxhd3JlbmNlLWNhbXB1cy1wcm90ZXN0LXRhcHBlci5jbm7SAQA?hl=en-US&gl=US&ceid=US%3Aen,18 hours ago,NA
Student loan forgiveness for public-sector workers will be temporarily paused. Here’s what you need to know,./articles/CBMiUWh0dHBzOi8vd3d3LmNubi5jb20vMjAyNC8wNC8zMC9wb2xpdGljcy9wc2xmLXN0dWRlbnQtbG9hbi1wYXVzZS1tb2hlbGEvaW5kZXguaHRtbNIBAA?hl=en-US&gl=US&ceid=US%3Aen,7 hours ago,NA
I judged Taylor Swift’s album immediately after it came out. Here’s why I was wrong,./articles/CBMiWWh0dHBzOi8vd3d3LmNubi5jb20vMjAyNC8wNC8yNi9lbnRlcnRhaW5tZW50L3RheWxvci1zd2lmdC1hbGJ1bS1xdWljay10by1qdWRnZS9pbmRleC5odG1s0gFSaHR0cHM6Ly9hbXAuY25uLmNvbS9jbm4vMjAyNC8wNC8yNi9lbnRlcnRhaW5tZW50L3RheWxvci1zd2lmdC1hbGJ1bS1xdWljay10by1qdWRnZQ?hl=en-US&gl=US&ceid=US%3Aen,4 days ago,NA
Misinformation has created an alternative world for some Americans,./articles/CBMia2h0dHBzOi8vd3d3LmNubi5jb20vMjAyNC8wNC8yOC9wb2xpdGljcy9lbGVjdGlvbi1taXNpbmZvcm1hdGlvbi1jb25zcGlyYWN5LXRoZW9yaWVzLXdoYXQtbWF0dGVycy9pbmRleC5odG1s0gFkaHR0cHM6Ly9hbXAuY25uLmNvbS9jbm4vMjAyNC8wNC8yOC9wb2xpdGljcy9lbGVjdGlvbi1taXNpbmZvcm1hdGlvbi1jb25zcGlyYWN5LXRoZW9yaWVzLXdoYXQtbWF0dGVycw?hl=en-US&gl=US&ceid=US%3Aen,2 days ago,NA
Samsung reports enormous jump in profit on AI boom,./articles/CBMiW2h0dHBzOi8vd3d3LmNubi5jb20vMjAyNC8wNC8yOS90ZWNoL3NvdXRoLWtvcmVhLXNhbXN1bmctcHJvZml0cy1haS1ib29tLWhuay1pbnRsL2luZGV4Lmh0bWzSAVRodHRwczovL2FtcC5jbm4uY29tL2Nubi8yMDI0LzA0LzI5L3RlY2gvc291dGgta29yZWEtc2Ftc3VuZy1wcm9maXRzLWFpLWJvb20taG5rLWludGw?hl=en-US&gl=US&ceid=US%3Aen,12 hours ago,NA
"Barr, who said Trump shouldn’t be near Oval Office, says he will vote for him in 2024",./articles/CBMiS2h0dHBzOi8vd3d3LmNubi5jb20vMjAyNC8wNC8yNi9wb2xpdGljcy9iYXJyLXZvdGUtZm9yLXRydW1wLTIwMjQvaW5kZXguaHRtbNIBRGh0dHBzOi8vYW1wLmNubi5jb20vY25uLzIwMjQvMDQvMjYvcG9saXRpY3MvYmFyci12b3RlLWZvci10cnVtcC0yMDI0?hl=en-US&gl=US&ceid=US%3Aen,3 days ago,NA
Mexico’s showdown with Ecuador over embassy raid begins at the International Court of Justice,./articles/CBMiXWh0dHBzOi8vd3d3LmNubi5jb20vMjAyNC8wNC8yOS9hbWVyaWNhcy9tZXhpY28tZWN1YWRvci1pY2otaGVhcmluZy1yYWlkLWludGwtbGF0YW0vaW5kZXguaHRtbNIBVmh0dHBzOi8vYW1wLmNubi5jb20vY25uLzIwMjQvMDQvMjkvYW1lcmljYXMvbWV4aWNvLWVjdWFkb3ItaWNqLWhlYXJpbmctcmFpZC1pbnRsLWxhdGFt?hl=en-US&gl=US&ceid=US%3Aen,13 hours ago,NA
Good news: The worst could be over for gas prices this spring,./articles/CBMiS2h0dHBzOi8vd3d3LmNubi5jb20vMjAyNC8wNC8zMC9idXNpbmVzcy9nYXMtcHJpY2VzLWluZmxhdGlvbi1vaWwvaW5kZXguaHRtbNIBRGh0dHBzOi8vYW1wLmNubi5jb20vY25uLzIwMjQvMDQvMzAvYnVzaW5lc3MvZ2FzLXByaWNlcy1pbmZsYXRpb24tb2ls?hl=en-US&gl=US&ceid=US%3Aen,7 hours ago,NA
Biden swings at Trump during White House Correspondents’ Dinner remarks as pro-Palestinian protesters rally outside,./articles/CBMiXmh0dHBzOi8vd3d3LmNubi5jb20vMjAyNC8wNC8yNy9wb2xpdGljcy9qb2UtYmlkZW4td2hpdGUtaG91c2UtY29ycmVzcG9uZGVudHMtZGlubmVyL2luZGV4Lmh0bWzSAVdodHRwczovL2FtcC5jbm4uY29tL2Nubi8yMDI0LzA0LzI3L3BvbGl0aWNzL2pvZS1iaWRlbi13aGl0ZS1ob3VzZS1jb3JyZXNwb25kZW50cy1kaW5uZXI?hl=en-US&gl=US&ceid=US%3Aen,2 days ago,NA
FCC fines wireless carriers millions for sharing user locations without consent,./articles/CBMiUGh0dHBzOi8vd3d3LmNubi5jb20vMjAyNC8wNC8yOS90ZWNoL2ZjYy1maW5lcy1hdHQtdmVyaXpvbi0yMDAtbWlsbGlvbi9pbmRleC5odG1s0gFJaHR0cHM6Ly9hbXAuY25uLmNvbS9jbm4vMjAyNC8wNC8yOS90ZWNoL2ZjYy1maW5lcy1hdHQtdmVyaXpvbi0yMDAtbWlsbGlvbg?hl=en-US&gl=US&ceid=US%3Aen,21 hours ago,NA
Dozens killed in Kenya as weeks of heavy rain devastate region,./articles/CBMiUGh0dHBzOi8vd3d3LmNubi5jb20vMjAyNC8wNC8yOS9hZnJpY2Eva2VueWEtZmxvb2RzLW1haS1tYWhpdS1pbnRsLWhuay9pbmRleC5odG1s0gFJaHR0cHM6Ly9hbXAuY25uLmNvbS9jbm4vMjAyNC8wNC8yOS9hZnJpY2Eva2VueWEtZmxvb2RzLW1haS1tYWhpdS1pbnRsLWhuaw?hl=en-US&gl=US&ceid=US%3Aen,Yesterday,NA
Adidas’ retro-inspired shoes are flying off shelves,./articles/CBMiTmh0dHBzOi8vd3d3LmNubi5jb20vMjAyNC8wNC8zMC9idXNpbmVzcy9hZGlkYXMtZWFybmluZ3Mtc2FtYmEtc2FsZXMvaW5kZXguaHRtbNIBR2h0dHBzOi8vYW1wLmNubi5jb20vY25uLzIwMjQvMDQvMzAvYnVzaW5lc3MvYWRpZGFzLWVhcm5pbmdzLXNhbWJhLXNhbGVz?hl=en-US&gl=US&ceid=US%3Aen,4 hours ago,NA
CNN Poll: Few think Trump is being treated the same as other defendants,./articles/CBMiR2h0dHBzOi8vd3d3LmNubi5jb20vMjAyNC8wNC8yNS9wb2xpdGljcy9jbm4tcG9sbC10cnVtcC10cmlhbC9pbmRleC5odG1s0gFAaHR0cHM6Ly9hbXAuY25uLmNvbS9jbm4vMjAyNC8wNC8yNS9wb2xpdGljcy9jbm4tcG9sbC10cnVtcC10cmlhbA?hl=en-US&gl=US&ceid=US%3Aen,5 days ago,NA
Millions in the Midwest under storm watches as Nebraska and Iowa communities reel from devastating tornadoes,./articles/CBMiYmh0dHBzOi8vd3d3LmNubi5jb20vMjAyNC8wNC8yNy93ZWF0aGVyL3BsYWlucy1taWR3ZXN0LXN0b3Jtcy10b3JuYWRvZXMtY2xpbWF0ZS1zYXR1cmRheS9pbmRleC5odG1s0gFbaHR0cHM6Ly9hbXAuY25uLmNvbS9jbm4vMjAyNC8wNC8yNy93ZWF0aGVyL3BsYWlucy1taWR3ZXN0LXN0b3Jtcy10b3JuYWRvZXMtY2xpbWF0ZS1zYXR1cmRheQ?hl=en-US&gl=US&ceid=US%3Aen,3 days ago,NA
Nebraska brothers sucked out of their home by a tornado survive to tell the tale,./articles/CBMiW2h0dHBzOi8vd3d3LmNubi5jb20vMjAyNC8wNC8yOS93ZWF0aGVyL2Vsa2hvcm4tbmVicmFza2EtdG9ybmFkby1icm90aGVycy1jbGltYXRlL2luZGV4Lmh0bWzSAQA?hl=en-US&gl=US&ceid=US%3Aen,21 hours ago,NA
Island near Mull of Kintyre for sale for $3.1 million,./articles/CBMiRGh0dHBzOi8vd3d3LmNubi5jb20vdHJhdmVsL3NhbmRhLWlzbGFuZC1zY290bGFuZC1mb3Itc2FsZS9pbmRleC5odG1s0gE9aHR0cHM6Ly9hbXAuY25uLmNvbS9jbm4vdHJhdmVsL3NhbmRhLWlzbGFuZC1zY290bGFuZC1mb3Itc2FsZQ?hl=en-US&gl=US&ceid=US%3Aen,Yesterday,NA
"Vaping linked with higher risk of exposure to toxic metals, study finds",./articles/CBMiYWh0dHBzOi8vd3d3LmNubi5jb20vMjAyNC8wNC8yOS9oZWFsdGgvdGVlbi12YXBpbmctdG94aWMtbGVhZC11cmFuaXVtLWV4cG9zdXJlLXdlbGxuZXNzL2luZGV4Lmh0bWzSAVpodHRwczovL2FtcC5jbm4uY29tL2Nubi8yMDI0LzA0LzI5L2hlYWx0aC90ZWVuLXZhcGluZy10b3hpYy1sZWFkLXVyYW5pdW0tZXhwb3N1cmUtd2VsbG5lc3M?hl=en-US&gl=US&ceid=US%3Aen,18 hours ago,NA
How our memories of food tell us who we are,./articles/CBMiWGh0dHBzOi8vd3d3LmNubi5jb20vMjAyNC8wNC8zMC9oZWFsdGgvZm9vZC1tZW1vcmllcy1iaXRlLWJ5LWJpdGUtY2VjLXdlbGxuZXNzL2luZGV4Lmh0bWzSAVFodHRwczovL2FtcC5jbm4uY29tL2Nubi8yMDI0LzA0LzMwL2hlYWx0aC9mb29kLW1lbW9yaWVzLWJpdGUtYnktYml0ZS1jZWMtd2VsbG5lc3M?hl=en-US&gl=US&ceid=US%3Aen,6 hours ago,NA
Palestinian writer jailed in Israel wins top Arabic book prize,./articles/CBMifGh0dHBzOi8vd3d3LmNubi5jb20vMjAyNC8wNC8zMC9taWRkbGVlYXN0L3BhbGVzdGluaWFuLXdyaXRlci1iYXNpbS1raGFuZGFxamlpbi1pc3JhZWwtamFpbC1hcmFiaWMtYm9vay1wcml6ZS1pbnRsL2luZGV4Lmh0bWzSAXVodHRwczovL2FtcC5jbm4uY29tL2Nubi8yMDI0LzA0LzMwL21pZGRsZWVhc3QvcGFsZXN0aW5pYW4td3JpdGVyLWJhc2ltLWtoYW5kYXFqaWluLWlzcmFlbC1qYWlsLWFyYWJpYy1ib29rLXByaXplLWludGw?hl=en-US&gl=US&ceid=US%3Aen,4 hours ago,NA
Biden administration restores protections for gay and transgender Americans seeking health care,./articles/CBMic2h0dHBzOi8vd3d3LmNubi5jb20vMjAyNC8wNC8yNy9wb2xpdGljcy9sZ2J0cS1oZWFsdGgtY2FyZS1iaWRlbi1hZG1pbmlzdHJhdGlvbi1ydWxlcy1hZmZvcmRhYmxlLWNhcmUtYWN0L2luZGV4Lmh0bWzSAWxodHRwczovL2FtcC5jbm4uY29tL2Nubi8yMDI0LzA0LzI3L3BvbGl0aWNzL2xnYnRxLWhlYWx0aC1jYXJlLWJpZGVuLWFkbWluaXN0cmF0aW9uLXJ1bGVzLWFmZm9yZGFibGUtY2FyZS1hY3Q?hl=en-US&gl=US&ceid=US%3Aen,3 days ago,NA
Rafael Nadal’s comeback gathers pace as he reaches Madrid Open fourth round,./articles/CBMiWGh0dHBzOi8vd3d3LmNubi5jb20vMjAyNC8wNC8zMC9zcG9ydC9yYWZhZWwtbmFkYWwtbWFkcmlkLW9wZW4tdGVubmlzLXNwdC1pbnRsL2luZGV4Lmh0bWzSAVFodHRwczovL2FtcC5jbm4uY29tL2Nubi8yMDI0LzA0LzMwL3Nwb3J0L3JhZmFlbC1uYWRhbC1tYWRyaWQtb3Blbi10ZW5uaXMtc3B0LWludGw?hl=en-US&gl=US&ceid=US%3Aen,6 hours ago,NA
"5 things to know for April 29: Presidential race, Severe weather, Middle East, College protests, Kenya",./articles/CBMijgFodHRwczovL3d3dy5jbm4uY29tLzIwMjQvMDQvMjkvdXMvNS10aGluZ3MtdG8ta25vdy1mb3ItYXByaWwtMjktcHJlc2lkZW50aWFsLXJhY2Utc2V2ZXJlLXdlYXRoZXItbWlkZGxlLWVhc3QtY29sbGVnZS1wcm90ZXN0cy1rZW55YS9pbmRleC5odG1s0gGHAWh0dHBzOi8vYW1wLmNubi5jb20vY25uLzIwMjQvMDQvMjkvdXMvNS10aGluZ3MtdG8ta25vdy1mb3ItYXByaWwtMjktcHJlc2lkZW50aWFsLXJhY2Utc2V2ZXJlLXdlYXRoZXItbWlkZGxlLWVhc3QtY29sbGVnZS1wcm90ZXN0cy1rZW55YQ?hl=en-US&gl=US&ceid=US%3Aen,Yesterday,NA
"Russia is making daily tactical gains in eastern Ukraine, as concerns swirl around Ukrainian military reporting",./articles/CBMiY2h0dHBzOi8vd3d3LmNubi5jb20vMjAyNC8wNC8yOC9ldXJvcGUvcnVzc2lhLWRhaWx5LWdhaW5zLXVrcmFpbmUtbWlsaXRhcnktY3JpdGljaXNtLWludGwvaW5kZXguaHRtbNIBXGh0dHBzOi8vYW1wLmNubi5jb20vY25uLzIwMjQvMDQvMjgvZXVyb3BlL3J1c3NpYS1kYWlseS1nYWlucy11a3JhaW5lLW1pbGl0YXJ5LWNyaXRpY2lzbS1pbnRs?hl=en-US&gl=US&ceid=US%3Aen,Yesterday,NA
Stephen Colbert berates Kristi Noem for killing her dog,./articles/CBMiWWh0dHBzOi8vd3d3LmNubi5jb20vdmlkZW9zL21lZGlhLzIwMjQvMDQvMzAvc3RlcGhlbi1jb2xiZXJ0LWtyaXN0aS1ub2VtLWRlYWQtZG9nLW9yaWcuY25u0gEA?hl=en-US&gl=US&ceid=US%3Aen,7 hours ago,NA
Takeaways from the Supreme Court arguments on Trump’s absolute immunity claims,./articles/CBMiWWh0dHBzOi8vd3d3LmNubi5jb20vMjAyNC8wNC8yNS9wb2xpdGljcy90YWtlYXdheXMtdHJ1bXAtaW1tdW5pdHktc3VwcmVtZS1jb3VydC9pbmRleC5odG1s0gEA?hl=en-US&gl=US&ceid=US%3Aen,5 days ago,NA
Couple discovers they accidentally shipped their cat to an Amazon facility,./articles/CBMiXmh0dHBzOi8vd3d3LmNubi5jb20vMjAyNC8wNC8yOS91cy92aWRlby9jYXQtc2hpcHBlZC10by1hbWF6b24tY2FsaWZvcm5pYS11dGFoLWFmZmlsLXBrZy1kaWd2aWTSAQA?hl=en-US&gl=US&ceid=US%3Aen,20 hours ago,NA
How ‘The Idea of You’ nailed age-gap dressing,./articles/CBMiSWh0dHBzOi8vd3d3LmNubi5jb20vMjAyNC8wNC8zMC9zdHlsZS9pZGVhLW9mLXlvdS1hZ2UtZ2FwLXN0eWxlL2luZGV4Lmh0bWzSAUJodHRwczovL2FtcC5jbm4uY29tL2Nubi8yMDI0LzA0LzMwL3N0eWxlL2lkZWEtb2YteW91LWFnZS1nYXAtc3R5bGU?hl=en-US&gl=US&ceid=US%3Aen,8 hours ago,NA
GNC is struggling. It hopes Ozempic can give it a boost,./articles/CBMiW2h0dHBzOi8vd3d3LmNubi5jb20vMjAyNC8wNC8yOS9idXNpbmVzcy9nbmMtb3plbXBpYy13ZWdvdnktbm92by1ub3JkaXNrLXN0cmF0ZWd5L2luZGV4Lmh0bWzSAVRodHRwczovL2FtcC5jbm4uY29tL2Nubi8yMDI0LzA0LzI5L2J1c2luZXNzL2duYy1vemVtcGljLXdlZ292eS1ub3ZvLW5vcmRpc2stc3RyYXRlZ3k?hl=en-US&gl=US&ceid=US%3Aen,19 hours ago,NA
When will the Fed begin to cut interest rates? It’s a mystery,./articles/CBMiaWh0dHBzOi8vd3d3LmNubi5jb20vMjAyNC8wNC8zMC9pbnZlc3RpbmcvcHJlbWFya2V0LXN0b2Nrcy10cmFkaW5nLWZlZC1maXJzdC1pbnRlcmVzdC1yYXRlcy1jdXQvaW5kZXguaHRtbNIBYmh0dHBzOi8vYW1wLmNubi5jb20vY25uLzIwMjQvMDQvMzAvaW52ZXN0aW5nL3ByZW1hcmtldC1zdG9ja3MtdHJhZGluZy1mZWQtZmlyc3QtaW50ZXJlc3QtcmF0ZXMtY3V0?hl=en-US&gl=US&ceid=US%3Aen,5 hours ago,NA
MMA fighter and boxer Francis Ngannou says his 15-month-old son Kobe has died,./articles/CBMiUmh0dHBzOi8vd3d3LmNubi5jb20vMjAyNC8wNC8zMC9zcG9ydC9mcmFuY2lzLW5nYW5ub3Utc29uLWRlYXRoLXNwdC1pbnRsL2luZGV4Lmh0bWzSAUtodHRwczovL2FtcC5jbm4uY29tL2Nubi8yMDI0LzA0LzMwL3Nwb3J0L2ZyYW5jaXMtbmdhbm5vdS1zb24tZGVhdGgtc3B0LWludGw?hl=en-US&gl=US&ceid=US%3Aen,8 hours ago,NA
Scores missing as Kenya ravaged by mass flooding,./articles/CBMiW2h0dHBzOi8vd3d3LmNubi5jb20vMjAyNC8wNC8zMC9hZnJpY2Eva2VueWEtbmFpcm9iaS1mbG9vZGluZy1taXNzaW5nLXBlb3BsZS1pbnRsL2luZGV4Lmh0bWzSAVRodHRwczovL2FtcC5jbm4uY29tL2Nubi8yMDI0LzA0LzMwL2FmcmljYS9rZW55YS1uYWlyb2JpLWZsb29kaW5nLW1pc3NpbmctcGVvcGxlLWludGw?hl=en-US&gl=US&ceid=US%3Aen,1 hour ago,NA
"Two Ukrainian servicemen stabbed to death in Germany, Russian national arrested",./articles/CBMicWh0dHBzOi8vd3d3LmNubi5jb20vMjAyNC8wNC8yOC9ldXJvcGUvdWtyYWluaWFuLXNlcnZpY2VtZW4tc3RhYmJlZC1nZXJtYW55LXJ1c3NpYW4tYXJyZXN0ZWQtaW50bC1sYXRhbS9pbmRleC5odG1s0gFqaHR0cHM6Ly9hbXAuY25uLmNvbS9jbm4vMjAyNC8wNC8yOC9ldXJvcGUvdWtyYWluaWFuLXNlcnZpY2VtZW4tc3RhYmJlZC1nZXJtYW55LXJ1c3NpYW4tYXJyZXN0ZWQtaW50bC1sYXRhbQ?hl=en-US&gl=US&ceid=US%3Aen,2 days ago,NA
